priority,score,doi,year,journal,reading_depth,candidate_categories,strategy,application,cellulose_type,lowest_neg_temp,reports_cond_value,reports_mech_value,reports_GF_value,reports_heal_value,reports_adh_value,mentions_anti_drying,mentions_sustainability,local_file,note_length,next_action,reasons,local_title
A,104,10.1016/j.ijbiomac.2024.131129,?,,R1,DES_IL;Nanocellulose,DES+NanoCell,Sensor+Actuator,Regen,-80,YES,YES,NO,NO,NO,NO,YES,10.1016_j.ijbiomac.2024.131129.md,9086,Promote to R1 full-text verification,cellulose;existing_R1;claim;temp_value;subzero;nonmech_metric;any_metric;2_reported_metrics;rich_note,"Transparent, super stretchable, freezing-tolerant, self-healing ionic conductive cellulose based eutectogel for multi-functional sensors."
A,103,10.1016/j.ijbiomac.2022.06.011,2022,,R2,DES_IL;Salt;Network_Dynamic;Biomedical,Salt+DES+DN+Starch+PVA,Sensor+Biomedical,Unspecified,-40,YES,YES,NO,NO,NO,NO,NO,10.1016_j.ijbiomac.2022.06.011.md,5682,Promote to R1 full-text verification,cellulose;claim;temp_value;subzero;nonmech_metric;any_metric;2_reported_metrics;rich_note,"A high-conductive, anti-freezing, antibacterial and anti-swelling starch-based physical hydrogel for multifunctional flexible wearable sensors."
A,98,10.1016/j.carbpol.2024.122939,2024,Carbohydrate polymers,R2,DES_IL;Network_Dynamic;Nanocellulose;Biomedical,DES+NanoCell,Sensor+Biomedical+Actuator,Unspecified,,YES,YES,NO,YES,YES,NO,NO,10.1016_j.carbpol.2024.122939.md,6398,Promote to R1 full-text verification,cellulose;claim;temp_value;nonmech_metric;any_metric;4_reported_metrics;rich_note,Natural cellulose reinforced multifunctional eutectogels for wearable sensors and epidermal electrodes.
A,97,10.1016/j.carbpol.2024.121932,2024,,R2,Organohydrogel;Network_Dynamic;Nanocellulose,Org-H+NanoCell,Sensor,CNC,-60,NO,NO,YES,YES,NO,YES,NO,10.1016_j.carbpol.2024.121932.md,6333,Promote to R1 full-text verification,cellulose;claim;temp_value;subzero;nonmech_metric;any_metric;2_reported_metrics;rich_note,"Self-healing, environmentally stable and adhesive hydrogel sensor with conductive cellulose nanocrystals for motion monitoring and character recognition."
A,94,10.1016/j.carbpol.2025.123253,?,,R1,DES_IL;Organohydrogel;Nanocellulose,DES+Org-H+NanoCell,Sensor,Unspecified,-50,NO,YES,NO,NO,NO,YES,YES,10.1016_j.carbpol.2025.123253.md,8472,Promote to R1 full-text verification,cellulose;existing_R1;claim;temp_value;subzero;any_metric;1_reported_metrics;rich_note,"Hybrid crosslinking cellulose nanofibers-reinforced zwitterionic poly (ionic liquid) organohydrogel with high-stretchable, anti-freezing, anti-drying as strain sensor application."
A,93,10.1016/j.ijbiomac.2023.129068,2023,International journal of biological macromolecules,R2,Organohydrogel;Network_Dynamic,Org-H+Starch+DynamicBond+PAM,Sensor+Actuator,Modified,-30,NO,YES,YES,NO,NO,YES,NO,10.1016_j.ijbiomac.2023.129068.md,5575,Promote to R1 full-text verification,cellulose;claim;temp_value;subzero;nonmech_metric;any_metric;2_reported_metrics;rich_note,Multifunctional organohydrogel via the synergy of dialdehyde starch and glycerol for motion monitoring and sign language recognition.
A,93,10.1002/app.58040,2025,,R2,Salt;Network_Dynamic,DN+PVA,Sensor,CMC,-40,YES,YES,NO,NO,NO,YES,NO,10.1002_app.58040.md,5110,Promote to R1 full-text verification,cellulose;claim;temp_value;subzero;nonmech_metric;any_metric;2_reported_metrics;rich_note,"High‐Strength, Frost‐Resistant PVA/PANI Conductive Hydrogels Suitable for Flexible Sensing"
A,93,10.3390/ma14206165,2021,,R2,Organohydrogel;Network_Dynamic,Org-H+PAA,Sensor,Unspecified,-70,NO,YES,NO,YES,NO,YES,NO,10.3390_ma14206165.md,6077,Promote to R1 full-text verification,cellulose;claim;temp_value;subzero;nonmech_metric;any_metric;2_reported_metrics;rich_note,Ultra-Stretchable and Self-Healing Anti-Freezing Strain Sensors Based on Hydrophobic Associated Polyacrylic Acid Hydrogels
A,91,10.1016/j.ijbiomac.2025.147477,2025,,R2,Organohydrogel;Salt;Biomedical,Org-H+PVA,Sensor+Biomedical,Unspecified,-50,YES,NO,NO,NO,NO,NO,NO,10.1016_j.ijbiomac.2025.147477.md,5328,Promote to R1 full-text verification,cellulose;claim;temp_value;subzero;nonmech_metric;any_metric;1_reported_metrics;rich_note,"Sodium carboxymethyl cellulose/polyvinyl alcohol/clove essential oil composite hydrogel with integrated antibacterial, antifreeze, and conductive properties as a wearable sensor for human motion monitoring."
A,90,10.1016/j.carbpol.2024.122271,2024,Carbohydrate polymers,R2,Network_Dynamic;Nanocellulose,NanoCell,General,Unspecified,-40,YES,NO,NO,YES,NO,NO,NO,10.1016_j.carbpol.2024.122271.md,5921,Promote to R1 full-text verification,cellulose;claim;temp_value;subzero;nonmech_metric;any_metric;2_reported_metrics;rich_note,"Zwitterionic cellulose nanofibers-based hydrogels with high toughness, ionic conductivity, and healable capability in cryogenic environments."
A,89,10.1021/acsami.2c21617,2023,ACS applied materials & interfaces,R2,Network_Dynamic;Energy,DN,Sensor+Energy,CMC,-23,NO,YES,YES,NO,NO,NO,NO,10.1021_acsami.2c21617.md,5019,Promote to R1 full-text verification,cellulose;claim;temp_value;subzero;nonmech_metric;any_metric;2_reported_metrics;rich_note,Rapid Preparation of Antifreezing Conductive Hydrogels for Flexible Strain Sensors and Supercapacitors.
A,88,10.1016/j.ijbiomac.2023.126550,2023,,R2,Salt;Network_Dynamic,Salt+DN+PAA,General,Regen,-45,YES,NO,NO,NO,NO,NO,YES,10.1016_j.ijbiomac.2023.126550.md,5550,Promote to R1 full-text verification,cellulose;claim;temp_value;subzero;nonmech_metric;any_metric;1_reported_metrics;rich_note,"Compressible, anti-freezing, and ionic conductive cellulose/polyacrylic acid composite hydrogel prepared via AlCl3/ZnCl2 aqueous system as solvent and catalyst."
A,87,10.1016/j.carbpol.2025.124312,2025,,R2,Organohydrogel,Org-H+PVA,Sensor,Unspecified,-18,NO,YES,YES,NO,NO,YES,NO,10.1016_j.carbpol.2025.124312.md,6199,Promote to R1 full-text verification,cellulose;claim;temp_value;subzero;nonmech_metric;any_metric;2_reported_metrics;rich_note,Anti-freezing and robust Ag-MOFs@PVA/XG hydrogel for flexible sensing and robotic state monitoring.
A,87,10.1016/j.ijbiomac.2025.149374,2025,,R2,Biomedical,PAM,Sensor+Biomedical,CMC,-20,YES,YES,YES,NO,NO,YES,YES,10.1016_j.ijbiomac.2025.149374.md,6611,Promote to R1 full-text verification,cellulose;claim;temp_value;subzero;nonmech_metric;any_metric;3_reported_metrics;rich_note,"Mechanically resilient, freeze-resistant, and antibacterial carboxymethyl cellulose/phytic acid hydrogel sensors for respiratory monitoring."
B,84,10.1016/j.ijbiomac.2024.131115,?,,R1,DES_IL;Network_Dynamic,DES+PhotoPoly,Sensor,Unspecified,,NO,YES,NO,NO,YES,NO,NO,10.1016_j.ijbiomac.2024.131115.md,7997,Use as R2 support; deep-read if category lacks A candidates,cellulose;existing_R1;claim;nonmech_metric;any_metric;2_reported_metrics;rich_note,Cellulose-reinforced highly stretchable and adhesive eutectogels as efficient sensors.
B,84,10.1016/j.jcis.2024.05.102,2024,Journal of colloid and interface science,R2,Network_Dynamic;Energy,PAM,Energy,Regen,-45,YES,NO,NO,NO,NO,YES,YES,10.1016_j.jcis.2024.05.102.md,5178,Use as R2 support; deep-read if category lacks A candidates,cellulose;claim;temp_value;subzero;nonmech_metric;any_metric;1_reported_metrics;rich_note,Aqueous AlCl3/ZnCl2 solution room-induced the self-growing strategy of expanded topological network for cellulose/polyacrylamide-based solid-state electrolytes.
B,84,10.1021/acsami.3c05208,2023,,R2,DES_IL;Organohydrogel;Network_Dynamic,DES+Org-H+DN+Gelatin,Sensor,Unspecified,-20,NO,YES,NO,NO,NO,NO,YES,10.1021_acsami.3c05208.md,5674,Use as R2 support; deep-read if category lacks A candidates,cellulose;claim;temp_value;subzero;any_metric;1_reported_metrics;rich_note,"Stretchable Organohydrogel with Adhesion, Self-Healing, and Environment-Tolerance for Wearable Strain Sensors."
B,83,10.1016/j.ijbiomac.2023.127396,2023,International journal of biological macromolecules,R2,Network_Dynamic;Nanocellulose,Unclear,Sensor+Actuator,CNF+Modified,,NO,YES,NO,YES,YES,NO,NO,10.1016_j.ijbiomac.2023.127396.md,5270,Use as R2 support; deep-read if category lacks A candidates,cellulose;claim;temp_value;nonmech_metric;any_metric;3_reported_metrics;rich_note,Low-temperature strain-sensitive sensor based on cellulose-based ionic conductive hydrogels with moldable and self-healing properties.
B,83,10.1016/j.carbpol.2024.123136,2024,,R2,Salt;Network_Dynamic;Biomedical,Salt+Chitin/CS+PVA,Sensor+Biomedical,Unspecified,,NO,YES,NO,YES,NO,NO,YES,10.1016_j.carbpol.2024.123136.md,6405,Use as R2 support; deep-read if category lacks A candidates,cellulose;claim;temp_value;nonmech_metric;any_metric;2_reported_metrics;rich_note,An antimicrobial and adhesive conductive chitosan quaternary ammonium salt hydrogel dressing for combined electrical stimulation and photothermal treatment to promote wound healing.
B,83,10.1016/j.ijbiomac.2024.131118,2024,,R2,Network_Dynamic;Nanocellulose,DN+NanoCell+PVA,Sensor+Actuator,Unspecified,,YES,YES,YES,NO,NO,NO,NO,10.1016_j.ijbiomac.2024.131118.md,5251,Use as R2 support; deep-read if category lacks A candidates,cellulose;claim;temp_value;nonmech_metric;any_metric;3_reported_metrics;rich_note,Anti-freezing hydrogel regulated by ice-structuring proteins/cellulose nanofibers system as flexible sensor for winter sports.
B,81,10.1016/j.carbpol.2022.119199,2022,,R2,Organohydrogel;Salt;Nanocellulose,Org-H+DMSO+NanoCell+PVA,Sensor,Unspecified,-50,NO,YES,NO,NO,NO,NO,NO,10.1016_j.carbpol.2022.119199.md,6147,Use as R2 support; deep-read if category lacks A candidates,cellulose;claim;temp_value;subzero;any_metric;1_reported_metrics;rich_note,"An environmentally tolerant, highly stable, cellulose nanofiber-reinforced, conductive hydrogel multifunctional sensor."
B,81,10.1021/acsami.2c14157,2022,,R2,Salt;Network_Dynamic,DynamicBond+PVA,Sensor,Unspecified,,YES,NO,NO,YES,NO,YES,YES,10.1021_acsami.2c14157.md,5049,Use as R2 support; deep-read if category lacks A candidates,cellulose;claim;temp_value;nonmech_metric;any_metric;2_reported_metrics;rich_note,"Highly Sensitive Zwitterionic Hydrogel Sensor for Motion and Pulse Detection with Water Retention, Adhesive, Antifreezing, and Self-Healing Properties."
B,81,10.1080/10584587.2023.2227051,2023,,R2,Organohydrogel;Salt;Nanocellulose,Salt+Org-H+NanoCell+PVA,Sensor,Unspecified,-20,NO,YES,NO,NO,NO,YES,YES,10.1080_10584587.2023.2227051.md,5678,Use as R2 support; deep-read if category lacks A candidates,cellulose;claim;temp_value;subzero;any_metric;1_reported_metrics;rich_note,Preparation and Properties of Multifunctional Nanocellulose-Reinforced PVA Ionic Hydrogel
B,81,10.1002/sus2.249,2024,,R2,DES_IL;Salt;Network_Dynamic;Biomedical,DES+DynamicBond,Sensor+Biomedical,Regen,,NO,YES,NO,YES,NO,YES,NO,10.1002_sus2.249.md,5788,Use as R2 support; deep-read if category lacks A candidates,cellulose;claim;nonmech_metric;any_metric;2_reported_metrics;rich_note,"Poly(ionic liquid) functionalization: A general strategy for strong, tough, ionic conductive, and multifunctional polysaccharide hydrogels toward sensors"
B,81,10.3390/polym17233102,2025,,R2,Salt;Network_Dynamic,Salt+DN+PAM,Sensor,Unspecified,,YES,YES,YES,NO,NO,NO,NO,10.3390_polym17233102.md,4891,Use as R2 support; deep-read if category lacks A candidates,cellulose;claim;temp_value;nonmech_metric;any_metric;3_reported_metrics;usable_note,An Anti-Freezing Ionic Conductive Hydrogel for Strain Sensing and Energy Harvesting Devices
B,80,10.1016/j.carbpol.2021.118078,2021,,R2,DES_IL;Organohydrogel;Salt,DES+Org-H,Sensor+TENG,Unspecified,,YES,YES,NO,NO,NO,NO,YES,10.1016_j.carbpol.2021.118078.md,5918,Use as R2 support; deep-read if category lacks A candidates,cellulose;claim;nonmech_metric;any_metric;2_reported_metrics;rich_note,"Transparent, conductive cellulose hydrogel for flexible sensor and triboelectric nanogenerator at subzero temperature."
B,80,10.1016/j.ijbiomac.2022.03.025,2022,,R2,DES_IL;Organohydrogel;Salt;Network_Dynamic,Salt+DES+Org-H+Chitin/CS+PAM,General,Unspecified,-80,NO,NO,NO,NO,NO,YES,YES,10.1016_j.ijbiomac.2022.03.025.md,5321,Use as R2 support; deep-read if category lacks A candidates,cellulose;claim;temp_value;subzero;rich_note,Chitin/Ca solvent-based conductive and stretchable organohydrogel with anti-freezing and anti-drying.
B,80,10.1016/j.ijbiomac.2023.123936,2023,,R2,Other,PAM,Sensor+Agricultural,Unspecified,-70,YES,YES,NO,NO,NO,NO,YES,10.1016_j.ijbiomac.2023.123936.md,6606,Use as R2 support; deep-read if category lacks A candidates,cellulose;claim;temp_value;subzero;nonmech_metric;any_metric;2_reported_metrics;rich_note,"High strength, anti-freezing and conductive silkworm excrement cellulose-based ionic hydrogel with physical-chemical double cross-linked for pressure sensing."
B,80,10.1002/smll.202409365,2024,,R2,DES_IL;Network_Dynamic;Energy,DES+PAM,Sensor+Energy,Unspecified,,NO,NO,NO,YES,NO,YES,YES,10.1002_smll.202409365.md,5797,Use as R2 support; deep-read if category lacks A candidates,cellulose;claim;temp_value;nonmech_metric;any_metric;1_reported_metrics;rich_note,Self-Healing and Antifreezing/Antidrying Conductive Eutectohydrogel-Based Biosignal Monitoring Multisensors with Integrated Supercapacitor.
B,74,10.1016/j.carbpol.2024.122406,2024,,R2,Network_Dynamic,DN+PAM,Sensor,Unspecified,,NO,YES,YES,NO,NO,YES,YES,10.1016_j.carbpol.2024.122406.md,5417,Use as R2 support; deep-read if category lacks A candidates,cellulose;claim;temp_value;nonmech_metric;any_metric;2_reported_metrics;rich_note,"Wide-humidity, anti-freezing and stretchable multifunctional conductive carboxymethyl cellulose-based hydrogels for flexible wearable strain sensors and arrays."
B,73,10.1016/j.carbpol.2024.122472,2024,Carbohydrate polymers,R2,Salt;Energy,Unclear,Sensor+Energy,Regen,-60,NO,YES,NO,NO,NO,NO,YES,10.1016_j.carbpol.2024.122472.md,6436,Use as R2 support; deep-read if category lacks A candidates,cellulose;claim;temp_value;subzero;any_metric;1_reported_metrics;rich_note,"Strong, tough, and freeze-tolerant all-natural cellulose-based ionic conductor enabled by multiscale cellulose networks."
B,71,10.1016/j.ijbiomac.2023.123425,2023,,R2,Salt;Network_Dynamic,Salt+DN,Sensor,Regen,,YES,YES,NO,NO,NO,NO,NO,10.1016_j.ijbiomac.2023.123425.md,5822,Use as R2 support; deep-read if category lacks A candidates,cellulose;claim;nonmech_metric;any_metric;2_reported_metrics;rich_note,Highly conductive and anti-freezing cellulose hydrogel for flexible sensors.
B,71,10.1016/j.ijbiomac.2025.148851,2025,,R2,DES_IL;Network_Dynamic;Nanocellulose;Biomedical,DES+DN+NanoCell+Chitin/CS,Sensor+Biomedical,Unspecified,,NO,YES,NO,NO,NO,NO,YES,10.1016_j.ijbiomac.2025.148851.md,6237,Use as R2 support; deep-read if category lacks A candidates,cellulose;claim;temp_value;any_metric;1_reported_metrics;rich_note,Cellulose nanofiber-reinforced chitosan conductive hydrogel tailored by double-network strategy for stretchable strain sensor.
B,70,10.1016/j.carbpol.2024.122936,2024,Carbohydrate polymers,R2,Salt,Salt,Sensor,Unspecified,-80,NO,YES,NO,NO,NO,YES,NO,10.1016_j.carbpol.2024.122936.md,5228,Use as R2 support; deep-read if category lacks A candidates,cellulose;claim;temp_value;subzero;any_metric;1_reported_metrics;rich_note,"A flexible, antifreezing, and long-term stable cellulose ionic conductive hydrogel via one-step preparation for flexible electronic sensors."
B,70,10.1016/j.carbpol.2024.122497,2024,,R2,Salt,PhotoPoly,Sensor+Encryption,Unspecified,-75,NO,YES,NO,NO,NO,NO,NO,10.1016_j.carbpol.2024.122497.md,5283,Use as R2 support; deep-read if category lacks A candidates,cellulose;claim;temp_value;subzero;any_metric;1_reported_metrics;rich_note,"Tunable thermoresponsive and stretchable hydrogel sensor based on hydroxypropyl cellulose for human motion/health detection, visual signal transmission and information encryption."
B,70,10.1016/j.ijbiomac.2026.150776,2026,,R2,Network_Dynamic;Nanocellulose;Biomedical,PVA,Sensor+Biomedical,CNF,,NO,YES,YES,NO,NO,NO,NO,10.1016_j.ijbiomac.2026.150776.md,5231,Use as R2 support; deep-read if category lacks A candidates,cellulose;claim;nonmech_metric;any_metric;2_reported_metrics;rich_note,Polydopamine-functionalized cellulose nanofibrils with Ag deposition for robust poly(vinyl alcohol) hydrogel strain sensor.
B,69,10.1016/j.jcis.2024.02.002,2024,Journal of colloid and interface science,R2,Organohydrogel;Nanocellulose,Org-H+NanoCell+PVA,General,Unspecified,-70,NO,YES,NO,NO,NO,NO,NO,10.1016_j.jcis.2024.02.002.md,3997,Use as R2 support; deep-read if category lacks A candidates,cellulose;claim;temp_value;subzero;any_metric;1_reported_metrics;usable_note,Frost-resistant nanocellulose-based organohydrogel with high mechanical strength and transparency.
B,69,10.1016/j.cej.2020.125341,2020,,R2,Network_Dynamic,Lignin,Coating,Unspecified,,NO,YES,NO,YES,YES,NO,NO,10.1016_j.cej.2020.125341.md,6022,Use as R2 support; deep-read if category lacks A candidates,cellulose;claim;nonmech_metric;any_metric;3_reported_metrics;rich_note,"Ultrafast gelling using sulfonated lignin-Fe3+ chelates to produce dynamic crosslinked hydrogel/coating with charming stretchable, conductive, self-healing, and ultraviolet-blocking properties"
B,69,10.1016/j.ijbiomac.2024.135947,2024,,R2,Network_Dynamic,Unclear,Sensor,BC,,YES,YES,NO,YES,NO,NO,YES,10.1016_j.ijbiomac.2024.135947.md,6046,Use as R2 support; deep-read if category lacks A candidates,cellulose;claim;nonmech_metric;any_metric;3_reported_metrics;rich_note,"Notch-insensitive, tough and self-healing conductive bacterial cellulose nanocomposite hydrogel for flexible wearable strain sensor."
B,68,10.1007/s10570-021-03782-1,2021,,R2,Network_Dynamic;Nanocellulose,NanoCell+PAA,Sensor,Unspecified,,YES,YES,NO,YES,NO,NO,NO,10.1007_s10570-021-03782-1.md,4949,Use as R2 support; deep-read if category lacks A candidates,cellulose;claim;nonmech_metric;any_metric;3_reported_metrics;usable_note,"Highly viscoelastic, stretchable, conductive, and self-healing strain sensors based on cellulose nanofiber-reinforced polyacrylic acid hydrogel"
B,68,10.1016/j.ijbiomac.2022.11.014,2022,,R2,Network_Dynamic;Nanocellulose,NanoCell+PVA,Sensor,Unspecified,,NO,YES,NO,YES,NO,NO,YES,10.1016_j.ijbiomac.2022.11.014.md,5901,Use as R2 support; deep-read if category lacks A candidates,cellulose;claim;nonmech_metric;any_metric;2_reported_metrics;rich_note,"Highly stretchable, self-healing, and degradable ionic conductive cellulose hydrogel for human motion monitoring."
B,67,10.1021/acs.biomac.3c01011,2024,Biomacromolecules,R2,Organohydrogel;Salt;Network_Dynamic,Org-H,Sensor,HEC,-40,NO,NO,NO,NO,NO,NO,NO,10.1021_acs.biomac.3c01011.md,4632,Use as R2 support; deep-read if category lacks A candidates,cellulose;claim;temp_value;subzero;usable_note,Ionic Conductive Cellulose-Based Hydrogels with Superior Long-Lasting Moisture and Antifreezing Features for Flexible Strain Sensor Applications.
B,67,10.1016/j.carbpol.2023.120567,2023,,R2,Nanocellulose,NanoCell+PAM,Sensor,CNF,-40,NO,YES,NO,NO,NO,NO,NO,10.1016_j.carbpol.2023.120567.md,5472,Use as R2 support; deep-read if category lacks A candidates,cellulose;claim;temp_value;subzero;any_metric;1_reported_metrics;rich_note,"Strong, conductive, and freezing-tolerant polyacrylamide/PEDOT:PSS/cellulose nanofibrils hydrogels for wearable strain sensors."
B,66,10.1016/j.ijbiomac.2025.143914,2025,International journal of biological macromolecules,R2,DES_IL,DES,Sensor,Unspecified,,YES,YES,NO,NO,NO,NO,NO,10.1016_j.ijbiomac.2025.143914.md,5151,Use as R2 support; deep-read if category lacks A candidates,cellulose;claim;nonmech_metric;any_metric;2_reported_metrics;rich_note,Fully enhances the performance of eutectic hydrogels in the field of flexible sensors by cellulose.
B,66,10.1016/j.ijbiomac.2024.136439,2024,,R2,DES_IL;Network_Dynamic,DES+DN+Lignin+Chitin/CS,Sensor,Unspecified,-25,NO,NO,NO,NO,NO,NO,YES,10.1016_j.ijbiomac.2024.136439.md,5942,Use as R2 support; deep-read if category lacks A candidates,cellulose;claim;temp_value;subzero;rich_note,"Sustainable, temperature-tolerant, dual network conductive pressure sensitive adhesive from cellulose and rosin for wearable sensing."
B,66,10.1038/ncomms15911,2017,,R2,Organohydrogel;Salt,Org-H,General,Unspecified,-78,NO,NO,NO,NO,NO,NO,YES,10.1038_ncomms15911.md,5422,Use as R2 support; deep-read if category lacks A candidates,cellulose;claim;temp_value;subzero;rich_note,Adaptive and freeze-tolerant heteronetwork organohydrogels with enhanced mechanical stability over a wide temperature range
B,65,10.1088/1757-899x/223/1/012052,2017,,R2,Salt,Unclear,General,Regen,,YES,YES,NO,NO,NO,NO,NO,10.1088_1757-899x_223_1_012052.md,6565,Use as R2 support; deep-read if category lacks A candidates,cellulose;claim;nonmech_metric;any_metric;2_reported_metrics;rich_note,Mechanical strength and ionic conductivity of polymer electrolyte membranes prepared from cellulose acetate-lithium perchlorate
B,65,10.1016/j.ijbiomac.2023.126693,2023,,R2,Biomedical,Unclear,Biomedical,Regen,,NO,NO,NO,YES,NO,NO,YES,10.1016_j.ijbiomac.2023.126693.md,5596,Use as R2 support; deep-read if category lacks A candidates,cellulose;claim;temp_value;nonmech_metric;any_metric;1_reported_metrics;rich_note,A dual pH- and temperature-responsive hydrogel produced in situ crosslinking of cyclodextrin-cellulose for wound healing.
C,64,10.1021/acs.langmuir.4c02244,2024,Langmuir : the ACS journal of surfaces and colloid,R2,Network_Dynamic,DN,Sensor,Unspecified,,YES,YES,NO,NO,NO,NO,NO,10.1021_acs.langmuir.4c02244.md,5461,Background/statistical pool only,cellulose;claim;nonmech_metric;any_metric;2_reported_metrics;rich_note,Attapulgite-Reinforced Cellulose Hydrogels with High Conductivity and Antifreezing Property for Flexible Sensors.
C,64,10.1016/j.bios.2023.115893,2023,,R2,Network_Dynamic,Unclear,Sensor+Encryption,CMC,,NO,YES,YES,NO,NO,NO,NO,10.1016_j.bios.2023.115893.md,5619,Background/statistical pool only,cellulose;claim;nonmech_metric;any_metric;2_reported_metrics;rich_note,"A temperature and pressure dual-responsive, stretchable, healable, adhesive, and biocompatible carboxymethyl cellulose-based conductive hydrogels for flexible wearable strain sensor."
C,63,10.1038/s41467-022-30224-8,2022,,R2,Other,Unclear,Sensor,Unspecified,-20,NO,YES,NO,NO,NO,NO,YES,10.1038_s41467-022-30224-8.md,5175,Background/statistical pool only,cellulose;claim;temp_value;subzero;any_metric;1_reported_metrics;rich_note,"Strong, tough, ionic conductive, and freezing-tolerant all-natural hydrogel enabled by cellulose-bentonite coordination interactions"
C,62,10.1039/d0ta04360e,2020,,R2,Salt;Energy,Unclear,Energy,Unspecified,-40,NO,NO,NO,NO,NO,NO,YES,10.1039_d0ta04360e.md,5966,Background/statistical pool only,cellulose;claim;temp_value;subzero;rich_note,Zinc ion trapping in a cellulose hydrogel as a solid electrolyte for a safe and flexible supercapacitor
C,62,10.1021/acsami.4c08984,2024,,R2,Organohydrogel;Nanocellulose,Org-H+NanoCell,Sensor,Unspecified,,NO,YES,NO,NO,NO,YES,YES,10.1021_acsami.4c08984.md,5897,Background/statistical pool only,cellulose;claim;temp_value;any_metric;1_reported_metrics;rich_note,Temperature-Tolerant Versatile Conductive Zwitterionic Nanocomposite Organohydrogel toward Multisensory Applications.
C,61,10.1002/anie.201902578,2019,Angewandte Chemie,R2,Organohydrogel;Salt,Salt+Org-H,General,Regen,-70,NO,NO,NO,NO,NO,NO,NO,10.1002_anie.201902578.md,3400,Background/statistical pool only,cellulose;claim;temp_value;subzero;usable_note,Inorganic Salts Induce Thermally Reversible and Anti-Freezing Cellulose Hydrogels.
C,59,10.1002/smll.202405826,2024,,R2,Network_Dynamic;Nanocellulose;Biomedical,NanoCell,Biomedical,CNC,-60,NO,NO,NO,NO,NO,NO,NO,10.1002_smll.202405826.md,4990,Background/statistical pool only,cellulose;claim;temp_value;subzero;usable_note,Silver Nanoparticle-Decorated Cellulose Nanocrystal Reinforced Ionic Polymer Hydrogel With High Conductivity and Environmental Tolerance for Multifunctional Sensing and Emergency Alarm System.
C,59,10.1021/acsnano.3c11578,2024,,R2,Organohydrogel,Org-H,Sensor,Unspecified,-20,NO,NO,NO,NO,NO,NO,NO,10.1021_acsnano.3c11578.md,5020,Background/statistical pool only,cellulose;claim;temp_value;subzero;rich_note,"Tough, Antifreezing, and Piezoelectric Organohydrogel as a Flexible Wearable Sensor for Human-Machine Interaction."
C,55,10.1016/j.carbpol.2024.122552,2024,,R2,Energy,PAA,Sensor+Energy+Actuator+TENG,Unspecified,-60,NO,NO,NO,NO,NO,NO,NO,10.1016_j.carbpol.2024.122552.md,6893,Background/statistical pool only,cellulose;claim;temp_value;subzero;rich_note,Tough and temperature-tolerance cellulose/polyacrylic acid/bentonite hydrogel with high ionic conductivity enables self-powered triboelectric wearable electronic devices.
C,55,10.3390/gels11010038,2025,,R2,Biomedical,Gelatin,Biomedical,CMC,,NO,NO,NO,YES,NO,NO,YES,10.3390_gels11010038.md,5907,Background/statistical pool only,cellulose;claim;nonmech_metric;any_metric;1_reported_metrics;rich_note,Evaluation of Carboxymethyl Cellulose/Gelatin Hydrogel-Based Dressing Containing Cefdinir for Wound Healing Promotion in Animal Model
C,53,10.1021/acsami.1c08395,2021,,R2,Network_Dynamic;Nanocellulose;Biomedical,NanoCell+PVA,Sensor+Biomedical,Unspecified,,NO,YES,NO,NO,NO,NO,YES,10.1021_acsami.1c08395.md,6880,Background/statistical pool only,cellulose;claim;any_metric;1_reported_metrics;rich_note,"Self-Healing, Self-Adhesive Silk Fibroin Conductive Hydrogel as a Flexible Strain Sensor."
C,53,10.1063/1674-0068/cjcp2106104,2022,,R2,Other,PAA,Sensor+Coating,CMC,,YES,YES,NO,NO,NO,NO,NO,10.1063_1674-0068_cjcp2106104.md,4891,Background/statistical pool only,cellulose;claim;nonmech_metric;any_metric;2_reported_metrics;usable_note,Water-resistant and stretchable conductive ionic hydrogel fibers reinforced by carboxymethyl cellulose
C,53,10.1016/j.jcis.2024.08.119,2024,,R2,Organohydrogel;Network_Dynamic,Org-H+DN,General,Unspecified,,NO,NO,NO,NO,NO,NO,NO,10.1016_j.jcis.2024.08.119.md,5559,Background/statistical pool only,cellulose;claim;temp_value;rich_note,Dual-network hydrogel capsules for controlled molecular transport via pH and temperature responsiveness.
C,52,10.3139/146.111938,2020,,R2,Other,Unclear,Actuator,Unspecified,-196,NO,NO,NO,NO,NO,NO,NO,10.3139_146.111938.md,5342,Background/statistical pool only,cellulose;claim;temp_value;subzero;rich_note,Investigation on microstructural and mechanical properties of sub-zero processed AISI 440C steel
C,52,10.3901/jme.2020.24.190,2020,,R2,Other,Unclear,General,Unspecified,-50,NO,NO,NO,NO,NO,NO,NO,10.3901_jme.2020.24.190.md,5527,Background/statistical pool only,cellulose;claim;temp_value;subzero;rich_note,Wide Temperature Range Experimental Study into the Fluid Mechanics of Hydraulic Orifices
C,52,10.1016/j.ijbiomac.2023.124780,2023,,R2,Nanocellulose,NanoCell+Chitin/CS,Sensor,Unspecified,,YES,NO,NO,NO,NO,NO,NO,10.1016_j.ijbiomac.2023.124780.md,4078,Background/statistical pool only,cellulose;claim;nonmech_metric;any_metric;1_reported_metrics;usable_note,"Highly stretchable, tough and conductive chitin nanofiber composite hydrogel as a wearable sensor."
C,52,10.1063/5.0207037,2024,,R2,Salt;Nanocellulose,Salt+NanoCell+Chitin/CS+PVA,Sensor,Unspecified,,NO,YES,NO,NO,NO,NO,NO,10.1063_5.0207037.md,5446,Background/statistical pool only,cellulose;claim;any_metric;1_reported_metrics;rich_note,A rapid stretchable hydrogel strain sensor based on PVA/MXene and graphene with basketball monitoring function
C,52,10.4028/www.scientific.net/amm.852.349,2016,,R2,Other,Unclear,General,Regen,-77,NO,NO,NO,NO,NO,NO,NO,10.4028_www.scientific.net_amm.852.349.md,6275,Background/statistical pool only,cellulose;claim;temp_value;subzero;rich_note,The Effect of Sub-Zero Treatment on Mechanical Properties of GTAW Welded AA6082
C,52,10.3390/ma13245789,2020,,R2,Other,Unclear,General,Unspecified,-40,NO,NO,NO,NO,NO,NO,YES,10.3390_ma13245789.md,5134,Background/statistical pool only,cellulose;claim;temp_value;subzero;rich_note,The Influence of Sub-Zero Conditions on the Mechanical Properties of Polylactide-Based Composites
C,51,10.1155/2015/963436,2015,,R2,Network_Dynamic;Nanocellulose,NanoCell,General,Unspecified,,NO,YES,NO,NO,NO,NO,YES,10.1155_2015_963436.md,5048,Background/statistical pool only,cellulose;claim;any_metric;1_reported_metrics;rich_note,The preparation of a highly stretchable cellulose nanowhisker nanocomposite hydrogel
C,51,10.1016/j.jcis.2022.01.117,2022,,R2,Network_Dynamic;Nanocellulose,NanoCell+PAM,Sensor,Unspecified,,NO,YES,NO,NO,NO,NO,NO,10.1016_j.jcis.2022.01.117.md,5057,Background/statistical pool only,cellulose;claim;any_metric;1_reported_metrics;rich_note,Super-stretchable and adhesive cellulose Nanofiber-reinforced conductive nanocomposite hydrogel for wearable Motion-monitoring sensor.
C,49,10.1115/1.4000858,2010,,R2,Network_Dynamic;Biomedical,Gelatin,Biomedical+Agricultural,BC,,NO,YES,NO,NO,NO,NO,YES,10.1115_1.4000858.md,5396,Background/statistical pool only,cellulose;claim;any_metric;1_reported_metrics;rich_note,Preparation and Characterization of Novel Bacterial Cellulose/Gelatin Scaffold for Tissue Regeneration Using Bacterial Cellulose Hydrogel
C,47,10.24200/sci.2017.4285,2017,,R2,Other,Unclear,General,Unspecified,-146,NO,NO,NO,NO,NO,NO,NO,10.24200_sci.2017.4285.md,4683,Background/statistical pool only,cellulose;claim;temp_value;subzero;usable_note,Effect of deep sub-zero treatment on mechanical properties of AA5XXX aluminum plates adjoined by MIG welding technique
C,47,10.1016/j.carbpol.2019.115084,2019,,R2,Organohydrogel;Network_Dynamic;Nanocellulose;Energy;Biomedical,Org-H+NanoCell+DynamicBond,Sensor+Energy+Biomedical,CNC,,NO,NO,NO,NO,NO,NO,YES,10.1016_j.carbpol.2019.115084.md,4361,Background/statistical pool only,cellulose;claim;usable_note,An injectable self-healing hydrogel-cellulose nanocrystals conjugate with excellent mechanical strength and good biocompatibility.
C,47,10.1016/j.tws.2020.106842,2020,,R2,Other,Unclear,General,Unspecified,-100,NO,NO,NO,NO,NO,NO,NO,10.1016_j.tws.2020.106842.md,4572,Background/statistical pool only,cellulose;claim;temp_value;subzero;usable_note,Sub-zero temperature mechanical properties of cold-rolled steel sheets
C,47,10.59717/j.xinn-mater.2024.100092,2024,,R2,Salt;Nanocellulose,PVA,General,CNF,,NO,YES,NO,NO,NO,NO,YES,10.59717_j.xinn-mater.2024.100092.md,4807,Background/statistical pool only,cellulose;claim;any_metric;1_reported_metrics;usable_note,"Cellulose nanofibril-guided orienting response of supramolecular network enables superstretchable, robust, and antifatigue hydrogel"
C,47,10.1016/j.ijbiomac.2024.132585,2024,,R2,DES_IL;Network_Dynamic;Energy,DES+DynamicBond+Gelatin,Sensor+Energy,Unspecified,,NO,NO,NO,NO,NO,NO,YES,10.1016_j.ijbiomac.2024.132585.md,7003,Background/statistical pool only,cellulose;claim;rich_note,"Ultra-stretchable, adhesive, fatigue resistance, and anti-freezing conductive hydrogel based on gelatin/guar gum and liquid metal for dual-sensory flexible sensor and all-in-one supercapacitors."
C,47,10.3390/gels9010020,2022,,R2,Network_Dynamic,DN,General,CMC+HEC,,NO,YES,NO,NO,NO,NO,NO,10.3390_gels9010020.md,5239,Background/statistical pool only,cellulose;claim;any_metric;1_reported_metrics;rich_note,Double-Network Hydrogel Films Based on Cellulose Derivatives and κ-Carrageenan with Enhanced Mechanical Strength and Superabsorbent Properties
C,46,10.1021/acsami.4c08592,2024,ACS applied materials & interfaces,R2,Salt;Network_Dynamic,DN,Sensor,Regen,,NO,YES,NO,NO,NO,NO,YES,10.1021_acsami.4c08592.md,5041,Background/statistical pool only,cellulose;any_metric;1_reported_metrics;rich_note,Tough and Elastic Cellulose Composite Hydrogels/Films for Flexible Wearable Sensors.
C,46,10.1016/j.carbpol.2021.118925,2021,,R2,Nanocellulose;Biomedical,NanoCell,Biomedical,Regen,,NO,NO,NO,NO,NO,NO,YES,10.1016_j.carbpol.2021.118925.md,5215,Background/statistical pool only,cellulose;claim;temp_value;rich_note,Design of a dual pH and temperature responsive hydrogel based on esterified cellulose nanocrystals for potential drug release.
C,46,10.1016/j.ijbiomac.2024.132419,2024,,R2,Nanocellulose;Biomedical,NanoCell+PVA,Sensor+Biomedical,CNC,,NO,NO,NO,NO,NO,NO,YES,10.1016_j.ijbiomac.2024.132419.md,6056,Background/statistical pool only,cellulose;claim;temp_value;rich_note,Mussel-inspired antimicrobial hydrogel with cellulose nanocrystals/tannic acid modified silver nanoparticles for enhanced calvarial bone regeneration.
C,45,10.1002/macp.202500164,2025,,R2,Organohydrogel;Salt;Network_Dynamic,Org-H+PAA,Sensor,Unspecified,,NO,NO,NO,NO,NO,YES,YES,10.1002_macp.202500164.md,3971,Background/statistical pool only,cellulose;claim;usable_note,Preparation of PAMgA/LiCl/GL Anti‐Freezing Conductive Hydrogel for Wearable Strain Sensors
C,45,10.3390/gels7040277,2021,,R2,Organohydrogel;Network_Dynamic;Biomedical,Org-H+DN+Gelatin,Biomedical,HEC,,NO,NO,NO,NO,NO,NO,YES,10.3390_gels7040277.md,5667,Background/statistical pool only,cellulose;claim;rich_note,Degradation-Dependent Stress Relaxing Semi-Interpenetrating Networks of Hydroxyethyl Cellulose in Gelatin-PEG Hydrogel with Good Mechanical Stability and Reversibility
C,43,10.1016/j.carbpol.2021.117665,2021,,R2,Biomedical,Unclear,Sensor+Biomedical,HEC,,NO,YES,NO,NO,NO,NO,YES,10.1016_j.carbpol.2021.117665.md,5354,Background/statistical pool only,cellulose;claim;any_metric;1_reported_metrics;rich_note,Preparation of silver nanoparticles by solid-state redox route from hydroxyethyl cellulose for antibacterial strain sensor hydrogel.
C,43,10.1080/1536383x.2024.2310697,2024,,R2,Biomedical,Starch+Chitin/CS+PVA+Gelatin,Biomedical,Unspecified,,NO,YES,NO,NO,NO,NO,YES,10.1080_1536383x.2024.2310697.md,6230,Background/statistical pool only,cellulose;claim;any_metric;1_reported_metrics;rich_note,"Bio-friendly fluorescent polyvinyl alcohol/gelatin/chitosan hydrogel membranes strengthened by g-C3N4/CQDs nanocomposite: Preparation, investigation of UV-absorption, mechanical and rheological properties"
C,43,10.3390/antibiotics12050873,2023,,R2,Biomedical,Unclear,Biomedical+Agricultural+FoodPack,Unspecified,,NO,YES,NO,NO,NO,NO,YES,10.3390_antibiotics12050873.md,7539,Background/statistical pool only,cellulose;claim;any_metric;1_reported_metrics;rich_note,Cellulose Hydrogel with Hyaluronic Acid and Silver Nanoparticles: Sustained-Release Formulation with Antibacterial Properties against Pseudomonas aeruginosa
C,42,10.1016/j.carbpol.2024.122068,2024,,R2,Nanocellulose;Biomedical,NanoCell,Sensor+Biomedical+Environmental,CNC,,NO,YES,NO,NO,NO,NO,NO,10.1016_j.carbpol.2024.122068.md,4880,Background/statistical pool only,cellulose;claim;any_metric;1_reported_metrics;usable_note,"Highly elastic, fatigue-resistant, antibacterial, conductive, and nanocellulose-enhanced hydrogels with selenium nanoparticles loading as strain sensors."
C,41,10.1016/j.ijbiomac.2021.09.075,2021,,R2,Salt;Nanocellulose,NanoCell,Agricultural,Modified,,NO,NO,NO,NO,NO,YES,YES,10.1016_j.ijbiomac.2021.09.075.md,5752,Background/statistical pool only,cellulose;claim;rich_note,A TEMPO-oxidized cellulose nanofibers/MOFs hydrogel with temperature and pH responsiveness for fertilizers slow-release.
C,41,10.1016/j.carbpol.2021.119005,2021,,R2,Organohydrogel;Nanocellulose,Org-H+NanoCell+PhotoPoly+PAM,Encryption,CNC,,NO,NO,NO,NO,NO,NO,NO,10.1016_j.carbpol.2021.119005.md,5710,Background/statistical pool only,cellulose;claim;rich_note,Anisotropic cellulose nanocrystal hydrogel with multi-stimuli response to temperature and mechanical stress.
C,40,10.1016/j.ijbiomac.2024.138188,2024,International journal of biological macromolecules,R2,DES_IL;Network_Dynamic;Nanocellulose,DES+DN+NanoCell+Lignin+PVA+PAA,Sensor+Agricultural,CNC+Modified,,NO,NO,NO,NO,NO,NO,NO,10.1016_j.ijbiomac.2024.138188.md,7668,Background/statistical pool only,cellulose;rich_note,Synthesis of novel deep eutectic solvent-modified nano cellulosic gel formulation-based strain sensor for human motion monitoring.
C,40,10.1002/slct.202400710,2024,ChemistrySelect,R2,Network_Dynamic;Nanocellulose,DN+NanoCell+PVA+PAM,Sensor,CNC,,NO,NO,NO,NO,NO,YES,NO,10.1002_slct.202400710.md,5126,Background/statistical pool only,cellulose;claim;rich_note,A Cellulose Reinforced Polyacrylamide/Polyvinyl Alcohol Dual Network Hydrogel for Flexible Sensors
C,40,10.1038/s41467-018-05904-z,2018,,R2,Other,PAA,General,Unspecified,,NO,NO,NO,NO,NO,NO,YES,10.1038_s41467-018-05904-z.md,5842,Background/statistical pool only,cellulose;claim;temp_value;rich_note,Bioinspired ultra-stretchable and anti-freezing conductive hydrogel fibers with ordered and reversible polymer chain alignment
C,39,10.1016/j.ijbiomac.2023.125973,2023,International journal of biological macromolecules,R2,Network_Dynamic,DN,Sensor+Actuator,CMC,,NO,YES,NO,NO,NO,NO,NO,10.1016_j.ijbiomac.2023.125973.md,5310,Background/statistical pool only,cellulose;any_metric;1_reported_metrics;rich_note,Muscle-inspired anisotropic carboxymethyl cellulose-based double-network conductive hydrogels for flexible strain sensors.
C,39,10.3390/nano13050853,2023,Nanomaterials,R2,Nanocellulose;Biomedical,NanoCell+PAM,Biomedical,CNF+CNC,,NO,YES,NO,NO,NO,NO,YES,10.3390_nano13050853.md,6497,Background/statistical pool only,cellulose;any_metric;1_reported_metrics;rich_note,"Biocompatible, Resilient, and Tough Nanocellulose Tunable Hydrogels"
C,39,10.1039/d5gc05362e,2026,,R2,DES_IL;Network_Dynamic,DES,General,Unspecified,,NO,NO,NO,NO,NO,NO,YES,10.1039_d5gc05362e.md,4261,Background/statistical pool only,cellulose;claim;usable_note,"Eco-designed cellulose-reinforced deep eutectic gels with synergistic mechanical strength, ionic conductivity, and freezing tolerance for flexible electronics"
C,39,10.3390/ma12101628,2019,,R2,Organohydrogel;Biomedical,Org-H+Gelatin,Biomedical,CMC,,NO,NO,NO,NO,NO,YES,YES,10.3390_ma12101628.md,6251,Background/statistical pool only,cellulose;claim;rich_note,Fabrication and Characterization of Low Methoxyl Pectin/Gelatin/Carboxymethyl Cellulose Absorbent Hydrogel Film for Wound Dressing Applications
C,38,10.1088/1748-605X/acd49a,2023,Biomedical Materials,R2,Salt;Nanocellulose;Energy;Biomedical,NanoCell+Chitin/CS,Energy+Biomedical,Modified,,NO,NO,NO,NO,NO,NO,YES,10.1088_1748-605x_acd49a.md,5630,Background/statistical pool only,cellulose;rich_note,Injectable cell-laden hydrogels fabricated with cellulose and chitosan nanofibers for bioprinted liver tissues
C,38,10.3390/gels10010001,2023,Gels,R2,DES_IL;Organohydrogel;Nanocellulose;Biomedical,DES+Org-H+NanoCell+Lignin,Biomedical+Agricultural,Unspecified,,NO,NO,NO,NO,NO,NO,YES,10.3390_gels10010001.md,4708,Background/statistical pool only,cellulose;usable_note,From Hemp Waste to Bioactive Nanofiber Composites: Deep Eutectic Solvents and Electrospinning in Upcycling Endeavors
C,38,10.1016/j.carbpol.2023.120744,2023,,R2,DES_IL,DES,Actuator,Regen,,NO,NO,NO,NO,NO,NO,NO,10.1016_j.carbpol.2023.120744.md,5184,Background/statistical pool only,cellulose;claim;rich_note,The thermodynamics of enhanced dope stability of cellulose solution in NaOH solution by urea.
C,38,10.1080/10601325.2024.2409754,2024,,R2,Network_Dynamic;Biomedical,DN,Biomedical,CMC,,NO,NO,NO,NO,NO,NO,YES,10.1080_10601325.2024.2409754.md,5139,Background/statistical pool only,cellulose;claim;rich_note,CMC-Na and Laponite dual network reinforced P (AM-co-NVCL) hydrogel with pH/temperature dual sensitivity
C,38,10.3390/gels11070522,2025,,R2,Network_Dynamic;Biomedical,Unclear,Biomedical+Coating,Unspecified,,NO,NO,NO,NO,NO,NO,YES,10.3390_gels11070522.md,5987,Background/statistical pool only,cellulose;claim;rich_note,Biocompatible Composite Protective Thin Layer Containing Cellulose Fibers and Silica Cryogel
C,38,10.4028/www.scientific.net/msf.1009.3,2020,,R2,Biomedical,Gelatin,Biomedical,CMC,,NO,YES,NO,NO,NO,NO,YES,10.4028_www.scientific.net_msf.1009.3.md,4790,Background/statistical pool only,cellulose;claim;any_metric;1_reported_metrics;usable_note,Hybrid Gelatin/Carboxymethyl Cellulose Hydrogel Loaded Copper (II) Ion for Medical Applications
C,37,10.1002/pc.27243,2023,Polymer Composites,R2,Nanocellulose,NanoCell+Lignin+Chitin/CS,General,CNC,,NO,YES,NO,NO,NO,NO,NO,10.1002_pc.27243.md,5714,Background/statistical pool only,cellulose;any_metric;1_reported_metrics;rich_note,Preparation of spherical nanocellulose from <scp>Gai</scp> bamboo and mechanical properties of chitosan/nanocellulose composite
C,37,10.4028/www.scientific.net/amr.1103.9,2015,,R2,Salt,Chitin/CS,General,Unspecified,,NO,NO,NO,NO,NO,NO,NO,10.4028_www.scientific.net_amr.1103.9.md,5693,Background/statistical pool only,cellulose;claim;rich_note,Effect of pH and Freezing Condition on Cryogel Encapsulation of Curcumin
C,37,10.54097/ijbls.v2i3.8660,2023,,R2,Salt,Unclear,Environmental,BC,,NO,NO,NO,NO,NO,YES,NO,10.54097_ijbls.v2i3.8660.md,6873,Background/statistical pool only,cellulose;claim;rich_note,Preparation and Properties of Nano Platinum/Carbon Nanotubes/Bacterial Cellulose Conductive Hydrogel Electrode Films
C,36,10.1016/j.matlet.2020.128340,2020,,R2,Nanocellulose;Biomedical,NanoCell+Gelatin,Biomedical+Agricultural,Unspecified,,NO,NO,NO,NO,NO,NO,NO,10.1016_j.matlet.2020.128340.md,5213,Background/statistical pool only,cellulose;claim;rich_note,Development of wound therapy in nursing care of infants by using injectable gelatin-cellulose composite hydrogel incorporated with silver nanoparticles
C,36,10.1063/5.0139951,2023,,R2,Network_Dynamic,DN+PAM+PAA,Sensor+Actuator+TENG,Unspecified,,NO,NO,NO,NO,NO,NO,NO,10.1063_5.0139951.md,5954,Background/statistical pool only,cellulose;claim;rich_note,Stretchable and self-healable conductive hydrogel-based multifunctional triboelectric nanogenerator for energy harvesting and dance motion sensing
C,36,10.3389/fbioe.2020.602318,2020,,R2,Other,Unclear,Sensor,Unspecified,,NO,YES,NO,NO,NO,NO,NO,10.3389_fbioe.2020.602318.md,4660,Background/statistical pool only,cellulose;claim;any_metric;1_reported_metrics;usable_note,"A Dual-Crosslinked and Anisotropic Regenerated Cellulose/Boron Nitride Nanosheets Film With High Thermal Conductivity, Mechanical Strength, and Toughness"
C,35,10.4028/www.scientific.net/msf.929.136,2018,,R2,Other,Unclear,General,Unspecified,,NO,NO,NO,NO,NO,NO,NO,10.4028_www.scientific.net_msf.929.136.md,4912,Background/statistical pool only,cellulose;claim;temp_value;usable_note,"Effect of Sub Zero Treatment on Microstructures, Mechanical Properties, and Dimensional Stability of AISI D2 Cold Work Tool Steel"
C,34,10.1016/j.ijbiomac.2024.130732,2024,International journal of biological macromolecules,R2,Network_Dynamic;Nanocellulose;Biomedical,NanoCell,Biomedical,Unspecified,,NO,NO,NO,NO,NO,NO,YES,10.1016_j.ijbiomac.2024.130732.md,5255,Background/statistical pool only,cellulose;rich_note,Recent advances and biomedical application of 3D printed nanocellulose-based adhesive hydrogels: A review.
C,34,10.1016/j.ijbiomac.2025.141174,2025,International journal of biological macromolecules,R2,Network_Dynamic;Nanocellulose;Biomedical,NanoCell,Biomedical,Unspecified,,NO,NO,NO,NO,NO,NO,YES,10.1016_j.ijbiomac.2025.141174.md,5362,Background/statistical pool only,cellulose;rich_note,Cellulose-based 3D printing bio-inks for biomedical applications: A review.
C,34,10.1016/j.carbpol.2020.117233,2021,,R2,Nanocellulose,NanoCell,General,Unspecified,,NO,NO,NO,NO,NO,NO,NO,10.1016_j.carbpol.2020.117233.md,5963,Background/statistical pool only,cellulose;claim;rich_note,"Nanocellulose-based foam morphological, mechanical and thermal properties in relation to hydrogel precursor structure and rheology."
C,34,10.15376/biores.11.3.7710-7720,2016,,R2,Nanocellulose,NanoCell,General,Unspecified,,NO,NO,NO,NO,NO,YES,NO,10.15376_biores.11.3.7710-7720.md,7086,Background/statistical pool only,cellulose;claim;rich_note,Effects of Ozone and Nanocellulose Treatments on the Strength and Optical Properties of Paper Made from Chemical Mechanical Pulp
C,34,10.3390/foods11111619,2022,,R2,Nanocellulose,NanoCell,Environmental+FoodPack,Unspecified,,NO,NO,NO,NO,NO,YES,NO,10.3390_foods11111619.md,5808,Background/statistical pool only,cellulose;claim;rich_note,Novel Fluorescent Nanocellulose Hydrogel Based on Nanocellulose and Carbon Dots for Detection and Removal of Heavy Metal Ions in Water
C,33,10.1016/j.carbpol.2024.122444,2024,Carbohydrate polymers,R2,Energy,Unclear,Energy,Unspecified,,NO,NO,NO,NO,NO,NO,NO,10.1016_j.carbpol.2024.122444.md,5864,Background/statistical pool only,cellulose;claim;rich_note,Dual cross-linked cellulose-based hydrogel for dendrites-inhibited flexible zinc-ion energy storage devices with ultra-long cycles and high energy density.
C,33,10.1002/admt.202000358,2020,Advanced Materials Technologies,R2,Other,Unclear,Sensor+Actuator,Unspecified,,NO,YES,NO,NO,NO,NO,NO,10.1002_admt.202000358.md,5739,Background/statistical pool only,cellulose;any_metric;1_reported_metrics;rich_note,Cellulose Hydrogels by Reversible Ion-Exchange as Flexible Pressure Sensors
C,33,10.1002/adfm.202207714,2022,Advanced Functional Materials,R2,DES_IL,DES,Sensor+Actuator+TENG,Unspecified,,NO,NO,NO,NO,NO,NO,YES,10.1002_adfm.202207714.md,4552,Background/statistical pool only,cellulose;claim;usable_note,"Liquid‐Free, Anti‐Freezing, Solvent‐Resistant, Cellulose‐Derived Ionic Conductive Elastomer for Stretchable Wearable Electronics and Triboelectric Nanogenerators"
C,33,10.54254/2753-8818/2026.au32025,2026,,R2,Network_Dynamic;Biomedical,DynamicBond,Biomedical+Environmental,BC,,NO,NO,NO,NO,NO,NO,NO,10.54254_2753-8818_2026.au32025.md,4172,Background/statistical pool only,cellulose;claim;usable_note,The Review of Antibacterial Mechanism of Cellulose-based Hydrogel
C,32,10.1016/j.carbpol.2021.117671,2021,,R2,Biomedical,Unclear,Biomedical,BC,,NO,NO,NO,NO,NO,NO,NO,10.1016_j.carbpol.2021.117671.md,5534,Background/statistical pool only,cellulose;claim;rich_note,Preparation and properties of conductive bacterial cellulose-based graphene oxide-silver nanoparticles antibacterial dressing.
C,32,10.1039/d4ma00725e,2024,,R2,Organohydrogel,Org-H,Sensor,Unspecified,,NO,NO,NO,NO,NO,NO,YES,10.1039_d4ma00725e.md,4331,Background/statistical pool only,cellulose;claim;usable_note,"Facile fabrication of stretchable, anti-freezing, and stable organohydrogels for strain sensing at subzero temperatures"
C,32,10.18321/ectj524,2017,,R2,Biomedical,Unclear,Biomedical,Unspecified,,NO,NO,NO,NO,NO,NO,NO,10.18321_ectj524.md,5798,Background/statistical pool only,cellulose;claim;rich_note,Furazolidone Immobilized in a Hydrogel Based on Crosslinked Carboxymethyl Cellulose
C,31,10.1039/d3ta04980a,2023,,R2,Network_Dynamic,DN,Sensor,Unspecified,,NO,NO,NO,NO,NO,NO,NO,10.1039_d3ta04980a.md,3715,Background/statistical pool only,cellulose;claim;usable_note,"A highly stretchable, self-adhesive, anti-freezing, and highly sensitive dual-network conductive hydrogel sensor for multifunctional electronic skin"
C,31,10.1039/d4nj03774j,2024,,R2,Network_Dynamic,Unclear,Sensor,Unspecified,,NO,NO,NO,NO,NO,NO,NO,10.1039_d4nj03774j.md,3391,Background/statistical pool only,cellulose;claim;usable_note,"A strong, stretchable, adhesive, conductive, transparent cellulose-based hydrogel for wearable strain sensors and arrays"
C,31,10.1039/c6ra12517d,2016,,R2,Network_Dynamic,DynamicBond+Gelatin,General,Unspecified,,NO,NO,NO,NO,NO,NO,NO,10.1039_c6ra12517d.md,4409,Background/statistical pool only,cellulose;claim;usable_note,A unique high mechanical strength dialdehyde microfibrillated cellulose/gelatin composite hydrogel with a giant network structure
C,30,10.1016/j.heliyon.2024.e35014,2024,Heliyon,R2,Salt;Nanocellulose;Biomedical,NanoCell+Chitin/CS,Biomedical,Unspecified,,NO,NO,NO,NO,NO,NO,NO,10.1016_j.heliyon.2024.e35014.md,4457,Background/statistical pool only,cellulose;usable_note,Polysaccharide hydrogels for skin wound healing
C,30,10.1016/j.ijbiomac.2024.137911,2024,International journal of biological macromolecules,R2,Other,PhotoPoly,General,Unspecified,,NO,NO,NO,NO,NO,NO,YES,10.1016_j.ijbiomac.2024.137911.md,5312,Background/statistical pool only,cellulose;claim;rich_note,Itaconic acid/cellulose-based hydrogels with fire-resistant and anti-freezing properties via vat photopolymerization 3D printing.
C,30,10.1016/j.carbpol.2018.08.054,2018,,R2,Other,Unclear,Sensor,BC,,NO,NO,NO,NO,NO,NO,NO,10.1016_j.carbpol.2018.08.054.md,5685,Background/statistical pool only,cellulose;claim;rich_note,Conductive bacterial cellulose/multiwall carbon nanotubes nanocomposite aerogel as a potentially flexible lightweight strain sensor.
C,30,10.2166/wpt.2023.230,2023,,R2,Other,Gelatin,Environmental,Unspecified,,NO,NO,NO,NO,NO,NO,NO,10.2166_wpt.2023.230.md,6283,Background/statistical pool only,cellulose;claim;rich_note,Quantum adsorption mechanism of gelatin cellulose hydrogel for the effective removal of Cu2+ and Co2+ from wastewater using artificial neural networks
C,30,10.1039/c8ra01639a,2018,,R2,Other,Unclear,Actuator,BC,,NO,NO,NO,NO,NO,NO,NO,10.1039_c8ra01639a.md,5533,Background/statistical pool only,cellulose;claim;rich_note,Rapid uniaxial actuation of layered bacterial cellulose/poly(N-isopropylacrylamide) composite hydrogel with high mechanical strength
C,29,10.1016/j.ijbiomac.2024.132912,2024,International journal of biological macromolecules,R2,Salt,Unclear,General,Regen,,NO,NO,NO,NO,NO,NO,YES,10.1016_j.ijbiomac.2024.132912.md,5054,Background/statistical pool only,cellulose;rich_note,"Novel insights on room temperature-induced cellulose dissolution mechanism via ZnCl2 aqueous solution: Migration, penetration, interaction, and dispersion."
C,29,10.17576/jsm-2015-4406-04,2015,,R2,Nanocellulose,NanoCell+Gelatin,General,CNC,,NO,NO,NO,NO,NO,NO,YES,10.17576_jsm-2015-4406-04.md,4192,Background/statistical pool only,cellulose;claim;usable_note,Effect of cellulose nanocrystals content and ph on swelling behaviour of gelatin based hydrogel
C,29,10.1051/matecconf/202134700014,2021,,R2,Nanocellulose,NanoCell+Gelatin,Environmental+Actuator,CNC,,NO,NO,NO,NO,NO,NO,NO,10.1051_matecconf_202134700014.md,4732,Background/statistical pool only,cellulose;claim;usable_note,Neural Network for Modeling the Mechanical Properties of Gelatin-Cellulose Nanocrystals Hydrogel Membrane for Heavy Metal ions Removal from Wastewater
C,29,10.1016/j.carbpol.2022.120117,2022,,R2,Nanocellulose,NanoCell+PVA,General,CNF+CNC+MFC/MCC,,NO,NO,NO,NO,NO,NO,NO,10.1016_j.carbpol.2022.120117.md,4982,Background/statistical pool only,cellulose;claim;usable_note,Microstructural architecture and mechanical properties of empowered cellulose-based aerogel composites via TEMPO-free oxidation.
C,29,10.1016/j.jmbbm.2025.107258,2025,,R2,Nanocellulose,NanoCell+Gelatin,General,Unspecified,,NO,NO,NO,NO,NO,NO,YES,10.1016_j.jmbbm.2025.107258.md,4629,Background/statistical pool only,cellulose;claim;usable_note,Electrospun gelatin fiber-gelatin methacryloyl hydrogel composites for reproductive applications.
C,29,10.1039/d3ta07424b,2024,,R2,Nanocellulose,NanoCell+PAM,Sensor,Unspecified,,NO,NO,NO,NO,NO,NO,YES,10.1039_d3ta07424b.md,4791,Background/statistical pool only,cellulose;claim;usable_note,A highly conductive and ultra-stretchable polyaniline/cellulose nanocrystal/polyacrylamide hydrogel with hydrophobic associations for wearable strain sensors
C,28,10.1021/acs.biomac.3c00596,2023,Biomacromolecules,R2,Nanocellulose;Biomedical,Unclear,Biomedical,CNF,,NO,NO,NO,NO,NO,NO,NO,10.1021_acs.biomac.3c00596.md,5232,Background/statistical pool only,cellulose;rich_note,Preparation and Characterization of Softwood and Hardwood Nanofibril Hydrogels: Toward Wound Dressing Applications
C,28,10.3390/nano14201645,2024,Nanomaterials,R2,Network_Dynamic;Energy;Biomedical,Unclear,Energy+Biomedical,Unspecified,,NO,NO,NO,NO,NO,NO,NO,10.3390_nano14201645.md,4455,Background/statistical pool only,cellulose;usable_note,Advances in Functional Cellulose Hydrogels as Electrolytes for Flexible Zinc-Ion Batteries
C,28,10.1039/d2ta06835d,2022,,R2,Energy,Lignin,Sensor+Energy+Environmental,Regen,,NO,NO,NO,NO,NO,NO,NO,10.1039_d2ta06835d.md,4664,Background/statistical pool only,cellulose;claim;usable_note,Comprehensive utilization of lignocellulosic biomass for electrode and electrolyte in zinc-ion hybrid supercapacitor
C,28,10.1002/adem.202300641,2023,Advanced Engineering Materials,R2,Nanocellulose;Biomedical,Gelatin,Biomedical,CNF+Modified,,NO,NO,NO,NO,NO,NO,YES,10.1002_adem.202300641.md,5702,Background/statistical pool only,cellulose;rich_note,Reinforcing Tissue‐Engineered Cartilage: Nanofibrillated Cellulose Enhances Mechanical Properties of Alginate Dialdehyde–Gelatin Hydrogel
C,27,10.1016/j.ijbiomac.2023.129081,2023,International journal of biological macromolecules,R2,Network_Dynamic;Nanocellulose,NanoCell+DynamicBond,Environmental,Modified,,NO,NO,NO,NO,NO,NO,NO,10.1016_j.ijbiomac.2023.129081.md,4302,Background/statistical pool only,cellulose;usable_note,"Recent advances in TEMPO-oxidized cellulose nanofibers: Oxidation mechanism, characterization, properties and applications."
C,27,10.1007/s10570-021-04067-3,2021,,R2,Biomedical,Unclear,Biomedical,Unspecified,,NO,NO,NO,NO,NO,NO,YES,10.1007_s10570-021-04067-3.md,4944,Background/statistical pool only,cellulose;claim;usable_note,Antibacterial and wound healing activities of silver nanoparticles embedded in cellulose compared to other polysaccharides and protein polymers
C,27,10.33140/jpcppr.01.01.01,2022,,R2,Biomedical,PAM+Gelatin,Biomedical,Unspecified,,NO,NO,NO,NO,NO,NO,YES,10.33140_jpcppr.01.01.01.md,3881,Background/statistical pool only,cellulose;claim;usable_note,Achieving Antimicrobial Activity of Highly Stretchable Hydrogel Upon DBD Plasma Treatment
C,27,10.15376/biores.13.1.xu,2017,,R2,Biomedical,Unclear,Biomedical,Unspecified,,NO,NO,NO,NO,NO,NO,YES,10.15376_biores.13.1.xu.md,4398,Background/statistical pool only,cellulose;claim;usable_note,Review of Silver Nanoparticles (AgNPs)-Cellulose Antibacterial Composites
C,25,10.1016/j.ijpharm.2022.121750,2022,International journal of pharmaceutics,R2,Network_Dynamic;Biomedical,Unclear,Biomedical+Environmental,CMC,,NO,NO,NO,NO,NO,NO,NO,10.1016_j.ijpharm.2022.121750.md,4649,Background/statistical pool only,cellulose;usable_note,Drug-loaded mesoporous silica on carboxymethyl cellulose hydrogel: development of innovative 3D printed hydrophilic films.
C,25,10.3390/gels9070546,2023,Gels,R2,DES_IL,DES,General,Regen,,NO,NO,NO,NO,NO,NO,YES,10.3390_gels9070546.md,3369,Background/statistical pool only,cellulose;usable_note,Recent Advances in Cellulose-Based Hydrogels Prepared by Ionic Liquid-Based Processes
C,25,10.1039/d1ta06468a,2021,,R2,Other,Unclear,Environmental,Unspecified,,NO,NO,NO,NO,NO,NO,NO,10.1039_d1ta06468a.md,4020,Background/statistical pool only,cellulose;claim;usable_note,Advances in cellulose-metal organic framework composites: preparation and applications
C,25,10.1007/s10570-021-04052-w,2021,,R2,Other,Unclear,Environmental,Regen+Modified,,NO,NO,NO,NO,NO,NO,NO,10.1007_s10570-021-04052-w.md,3816,Background/statistical pool only,cellulose;claim;usable_note,TEMPO-oxidized cellulose hydrogel for efficient adsorption of Cu2+ and Pb2+ modified by polyethyleneimine
C,25,10.1039/c4ra07576e,2014,,R2,Other,PAM,General,Unspecified,,NO,NO,NO,NO,NO,NO,NO,10.1039_c4ra07576e.md,4821,Background/statistical pool only,cellulose;claim;usable_note,"Graphene oxide/polyacrylamide/carboxymethyl cellulose sodium nanocomposite hydrogel with enhanced mechanical strength: preparation, characterization and the swelling behavior"
C,25,10.3390/foods6060041,2017,,R2,Other,Gelatin,Environmental+FoodPack,CMC,,NO,NO,NO,NO,NO,NO,YES,10.3390_foods6060041.md,4226,Background/statistical pool only,cellulose;claim;usable_note,Investigation of Carboxymethyl Cellulose (CMC) on Mechanical Properties of Cold Water Fish Gelatin Biodegradable Edible Films
C,25,10.1039/c8cc05779f,2018,,R2,Other,Unclear,General,BC,,NO,NO,NO,NO,NO,NO,NO,10.1039_c8cc05779f.md,4129,Background/statistical pool only,cellulose;claim;usable_note,Sea cucumber mimicking bacterial cellulose composite hydrogel with ionic strength-sensitive mechanical adaptivity
C,23,10.1002/adfm.200305197,2004,Advanced Functional Materials [原文]「JOURNAL: Advanc,R2,Network_Dynamic,DN+Gelatin,General,BC,,NO,NO,NO,NO,NO,NO,NO,10.1002_adfm.200305197.md,4836,Background/statistical pool only,cellulose;usable_note,High Mechanical Strength Double‐Network Hydrogel with Bacterial Cellulose
C,23,10.1002/app.48564,2020,Journal of Applied Polymer Science,R2,Nanocellulose;Biomedical,NanoCell,Biomedical,CNF,,NO,NO,NO,NO,NO,NO,NO,10.1002_app.48564.md,4620,Background/statistical pool only,cellulose;usable_note,Fe<sub>3</sub>O<sub>4</sub>@rGO hybrids intercalated nanocellulose-based aerogels for enhanced ferromagnetic and mechanical properties
C,22,10.1016/j.ijbiomac.2025.141443,2025,International journal of biological macromolecules,R2,Other,Starch,General,Unspecified,,NO,NO,NO,NO,NO,NO,NO,10.1016_j.ijbiomac.2025.141443.md,5566,Background/statistical pool only,cellulose;rich_note,"Effect of cellulose fibers on the structure, rheological and 3D printing properties of corn starch-based hydrogel ink."
C,22,10.1021/acs.biomac.4c00578,2024,Biomacromolecules,R2,Other,Unclear,General,Unspecified,,NO,NO,NO,NO,NO,NO,YES,10.1021_acs.biomac.4c00578.md,7215,Background/statistical pool only,cellulose;rich_note,Single-Component Cellulose Acetate Sulfate Hydrogels for Direct Ink Writing 3D Printing.
C,22,10.3390/polym16040530,2024,Polymers,R2,Other,Unclear,General,Unspecified,,NO,NO,NO,NO,NO,NO,YES,10.3390_polym16040530.md,5106,Background/statistical pool only,cellulose;rich_note,Exploring Novel Applications for Hydrogels Derived from Modified Celluloses
C,22,10.1002/cssc.202200399,2022,ChemSusChem,R2,Other,Unclear,Actuator,Unspecified,,NO,NO,NO,NO,NO,NO,NO,10.1002_cssc.202200399.md,5735,Background/statistical pool only,cellulose;rich_note,"Cellulose-derived carbon dots guided growth of ZnIn2S4 nanosheets for photocatalytic oxidation of 5-hydroxymethylfurfural into 2,5-diformylfuran."
C,21,10.1021/acs.chemrev.2c00492,2023,Chemical Reviews,R2,Nanocellulose,NanoCell+Lignin,General,Unspecified,,NO,NO,NO,NO,NO,NO,YES,10.1021_acs.chemrev.2c00492.md,4754,Background/statistical pool only,cellulose;usable_note,Biobased Nanomaterials-The Role of Interfacial Interactions for Advanced Materials
C,12,10.3390/gels10120842,2024,Gels,R2,Other,Unclear,General,Unspecified,,NO,NO,NO,NO,NO,NO,YES,10.3390_gels10120842.md,1955,Background/statistical pool only,cellulose;thin_note,Advances in Cellulose-Based Hydrogels: Current Trends and Challenges
